latitude,longitude,bright_ti4,scan,track,acq_date,acq_time,satellite,instrument,confidence,version,bright_ti5,frp,daynight
22.4502,70.0512,352.4,0.38,0.38,2026-08-01,0830,N,VIIRS,nominal,2.0NRT,296.2,28.5,D
22.4510,70.0520,365.1,0.37,0.38,2026-08-01,0830,N,VIIRS,high,2.0NRT,298.0,42.1,D
22.4502,70.0512,352.4,0.38,0.38,2026-08-01,0830,N,VIIRS,nominal,2.0NRT,296.2,28.5,D
22.4490,70.0480,345.8,0.38,0.38,2026-08-01,2015,1,VIIRS,nominal,2.0NRT,293.1,19.4,N
22.4600,70.0600,370.2,0.40,0.39,2026-08-02,0745,N,VIIRS,high,2.0NRT,301.5,58.3,D
22.4580,70.0590,338.0,0.40,0.39,2026-08-02,0745,N,VIIRS,,2.0NRT,,12.0,D
22.4700,70.0750,348.5,0.39,0.38,2026-08-03,2000,1,VIIRS,nominal,2.0NRT,292.0,24.7,N
24.1025,82.6041,340.8,0.39,0.38,2026-08-02,1945,N,VIIRS,nominal,2.0NRT,291.5,15.2,N
22.4500,70.0500,350.0,0.38,0.38,2026-07-20,0830,N,VIIRS,nominal,2.0NRT,295.0,20.0,D
